iteration,error,halfspace
0,16.16,1
1,0.8,1
2,0.8,1
3,0.8,1
4,0.8,1
5,0.8,1
6,0.8,1
7,0.8,1
8,0.8,1
9,0.8,1
10,0.8,1
11,0.8,1
12,0.8,1
13,0.8,1
14,0.8,1
15,0.8,1
16,0.8,1
17,0.512,0
18,0.32768,0
19,0.2097152,0
20,0.134217728,0
21,0.085899346,0
22,0.054975581,0
23,0.035184372,0
24,0.022517998,0
25,0.014411519,0
26,0.009223372,0
27,0.005902958,0
28,0.003777893,0
29,0.002417852,0
30,0.001547425,0
